<?xml version="1.0" encoding="UTF-8"?>
<beans xmlns="http://www.springframework.org/schema/beans"
	xmlns:xsi="http://www.w3.org/2001/XMLSchema-instance"
	xmlns:context="http://www.springframework.org/schema/context"
	xsi:schemaLocation="http://www.springframework.org/schema/beans http://www.springframework.org/schema/beans/spring-beans.xsd
		http://www.springframework.org/schema/context http://www.springframework.org/schema/context/spring-context-4.3.xsd">

	<!-- Database 설정 -->
	
	<!-- db 초기화 파일의 위치 -->
	<bean id="propertyConfigurer" class="org.springframework.beans.factory.config.PropertyPlaceholderConfigurer"> 
		<property name="locations">
			<list>
				<value>classpath:properties/jdbc.properties</value>
			</list>
		</property>
	</bean>
		
	<!-- DBMS -->
	<bean id="dataSource" class="org.apache.commons.dbcp.BasicDataSource" destroy-method="close">
		<property name="driverClassName" value="${jdbc.driverClassName}"/>
		<property name="url" value="${jdbc.url}"/>
		<property name="username" value="${jdbc.username}"/>
		<property name="password" value="${jdbc.password}"/>
		<property name="initialSize" value="${jdbc.initialSize}"/>
		<property name="maxActive" value="${jdbc.maxActive}"/>
		<property name="minIdle" value="${jdbc.initialSize}"/>
		<property name="maxWait" value="3000"/>
		<property name="poolPreparedStatements" value="true"/>
		<property name="maxOpenPreparedStatements" value="50"/>
	</bean>
	
	<!-- mybatis setting -->
	<bean id="sqlSessionFactory" class="org.mybatis.spring.SqlSessionFactoryBean">
		<property name="dataSource" ref="dataSource"/>
		<property name="mapperLocations" value="classpath:sqls/*.xml"/>
	</bean>
	
	<!-- sqlSession 취득 -->
	<bean id="sqlSession" class="org.mybatis.spring.SqlSessionTemplate">
		<constructor-arg index="0" ref="sqlSessionFactory"/>
		<constructor-arg index="1" value="SIMPLE"/>		<!-- value="BATCH" -->	
	</bean>

	<!-- jdbc 설정 -->
	<bean id="transactionManager" class="org.springframework.jdbc.datasource.DataSourceTransactionManager">
		<property name="dataSource" ref="dataSource"/>
	</bean>
		
</beans>


